;;;;;;;;;;;;;;;;;;;;;;;;;;;;;;;;;;;;;;;;;;;;;;;;;;;;;;;;;;;;;;;;;;;;;;;;;;;;;;;;;;;;;;;;;;;;;;;;;;;;;;;;;;;;;;;;;;;;;;;;;;;;;;;;;;;;;;;;;;;;;;;;;;;;;;;;;;;;;F
;S0;S1;S2;S3;S4;S5;S6;S7;S8;S9;S10;S11;S12;S13;S14;S15;S16;S17;S18;S19;S20;S21;S22;S23;S24;S25;S26;S27;S28;S29;S30;S31;S32;S33;S34;S35;S36;S37;S38;S39;S40;S41;S42;S43;S44;S45;S46;S47;S48;S49;S50;S51;S52;S53;S54;S55;S56;S57;S58;S59;S60;S61;S62;S63;S64;S65;S66;S67;S68;S69;S70;S71;S72;S73;S74;S75;S76;S77;S78;S79;S80;S81;S82;S83;S84;S85;S86;S87;S88;S89;S90;S91;S92;S93;S94;S95;S96;S97;S98;S99;S100;S101;S102;S103;S104;S105;S106;S107;S108;S109;S110;S111;S112;S113;S114;S115;S116;S117;S118;S119;S120;S121;S122;S123;S124;S125;S126;S127;S128;S129;S130;S131;S132;S133;S134;S135;S136;S137;S138;S139;S140;S141;S142;S143;S144;S145;S146;S147;S148;S149;S150;S151;S152;S153;S154;S155;S156
*;S51;;;;;;;;;;;;;;;;;;;;;;;;;;;;;;;;;;;;;;;;;;;;;;;;;;;;;;;;;;;;;;;;;;;;;;;;;;;;;;;;;;;;;;;;;;;;;;;;;;;;;;;;;;;;;;;;;;;;;;;;;;;;;;;;;;;;;;;;;;;;;;;;;;;;;;;;;;;;
+;S52;;;;;;;;;;;;;;;;;;;;;;;;;;;;;;;;;;;;;;;;;;;;;;;;;;;;;;;;;;;;;;;;;;;;;;;;;;;;;;;;;;;;;;;;;;;;;;;;;;;;;;;;;;;;;;;;;;;;;;;;;;;;;;;;;;;;;;;;;;;;;;;;;;;;;;;;;;;;
,;S56;;;;;;;;;;;;;;;;;;;;;;;;;;;;;;;;;;;;;;;;;;;;;;;;;;;;;;;;;;;;;;;;;;;;;;;;;;;;;;;;;;;;;;;;;;;;;;;;;;;;;;;;;;;;;;;;;;;;;;;;;;;;;;;;;;;;;;;;;;;;;;;;;;;;;;;;;;;;
-;S114,S142,S53;;;;;;;;;;;;;;;;;;;;;;;;;;;;;;;;;;;;;;;;;;;;;;;;;;;;;;;;;;;;;;;;;;;;;;;;;;;;;;;;;;;;;;;;;;;;;;;;;;;;;;;;;;;;;;;;;;;;;;;;;;;;;;;;;;;;;;;;;;;;;;;;;;;;;;;;;;;;
.;S73;;;;;;;;;;;;;;;;;;;;;;;;;;;;;;;;;;;;;;;;;;;;;;;;;;;;;;;;;;;;;;;;;;;;;;;;;;;;;;;;;;;;;;S87;;;;;;;;;;;;;;;;;;;;;;;;;;;;;;;;;;;;;;;;;S128;;;;;;;;;;;;;;;;;;;;;;;;;;;;;
/;S54;;;;;;;;;;;;;;;;;;;;;;;;;;;;;;;;;;;;;;;;;;;;;;;;;;;;;;;;;;;;;;;;;;;;;;;;;;;;;;;;;;;;;;;;;;;;;;;;;;;;;;;;;;;;;;;;;;;;;;;;;;;;;;;;;;;;;;;;;;;;;;;;;;;;;;;;;;;;
0;;;;;;;;;;;;;;;;;;;;;;;;;;;;;;;;;;;;;;;;;;;;;;;;;;;;;;;;;;;;;;;;;;;;;;;;;;;S75;;;;;;;;;;;;;;S89;;;;;;;;;;;;;S102;;;;;;;;;;;;;;S116;;;;;;;;;;;;;;S130;;;;;;;;;;;;;;S144;;;;;;;;;;;;;
1;;;;;;;;;;;;;;;;;;;;;;;;;;;;;;;;;;;;;;;;;;;;;;;;;;;;;;;;;;;;;;;;;;;;;;;;;;;S76;;;;;;;;;;;;;;S90;;;;;;;;;;;;;S103;;;;;;;;;;;;;;S117;;;;;;;;;;;;;;S131;;;;;;;;;;;;;;S145;;;;;;;;;;;;;
2;;;;;;;;;;;;;;;;;;;;;;;;;;;;;;;;;;;;;;;;;;;;;;;;;;;;;;;;;;;;;;;;;;;;;;;;;;;S77;;;;;;;;;;;;;;S91;;;;;;;;;;;;;S104;;;;;;;;;;;;;;S118;;;;;;;;;;;;;;S132;;;;;;;;;;;;;;S146;;;;;;;;;;;;;
3;;;;;;;;;;;;;;;;;;;;;;;;;;;;;;;;;;;;;;;;;;;;;;;;;;;;;;;;;;;;;;;;;;;;;;;;;;;S78;;;;;;;;;;;;;;S92;;;;;;;;;;;;;S105;;;;;;;;;;;;;;S119;;;;;;;;;;;;;;S133;;;;;;;;;;;;;;S147;;;;;;;;;;;;;
4;;;;;;;;;;;;;;;;;;;;;;;;;;;;;;;;;;;;;;;;;;;;;;;;;;;;;;;;;;;;;;;;;;;;;;;;;;;S79;;;;;;;;;;;;;;S93;;;;;;;;;;;;;S106;;;;;;;;;;;;;;S120;;;;;;;;;;;;;;S134;;;;;;;;;;;;;;S148;;;;;;;;;;;;;
5;;;;;;;;;;;;;;;;;;;;;;;;;;;;;;;;;;;;;;;;;;;;;;;;;;;;;;;;;;;;;;;;;;;;;;;;;;;S80;;;;;;;;;;;;;;S94;;;;;;;;;;;;;S107;;;;;;;;;;;;;;S121;;;;;;;;;;;;;;S135;;;;;;;;;;;;;;S149;;;;;;;;;;;;;
6;;;;;;;;;;;;;;;;;;;;;;;;;;;;;;;;;;;;;;;;;;;;;;;;;;;;;;;;;;;;;;;;;;;;;;;;;;;S81;;;;;;;;;;;;;;S95;;;;;;;;;;;;;S108;;;;;;;;;;;;;;S122;;;;;;;;;;;;;;S136;;;;;;;;;;;;;;S150;;;;;;;;;;;;;
7;;;;;;;;;;;;;;;;;;;;;;;;;;;;;;;;;;;;;;;;;;;;;;;;;;;;;;;;;;;;;;;;;;;;;;;;;;;S82;;;;;;;;;;;;;;S96;;;;;;;;;;;;;S109;;;;;;;;;;;;;;S123;;;;;;;;;;;;;;S137;;;;;;;;;;;;;;S151;;;;;;;;;;;;;
8;;;;;;;;;;;;;;;;;;;;;;;;;;;;;;;;;;;;;;;;;;;;;;;;;;;;;;;;;;;;;;;;;;;;;;;;;;;S83;;;;;;;;;;;;;;S97;;;;;;;;;;;;;S110;;;;;;;;;;;;;;S124;;;;;;;;;;;;;;S138;;;;;;;;;;;;;;S152;;;;;;;;;;;;;
9;;;;;;;;;;;;;;;;;;;;;;;;;;;;;;;;;;;;;;;;;;;;;;;;;;;;;;;;;;;;;;;;;;;;;;;;;;;S84;;;;;;;;;;;;;;S98;;;;;;;;;;;;;S111;;;;;;;;;;;;;;S125;;;;;;;;;;;;;;S139;;;;;;;;;;;;;;S153;;;;;;;;;;;;;
:;S70,S71;;;;;;;;;;;;;;;;;;;;;;;;;;;;;;;;;;;;;;;;;;;;;;;;;;;;;;;;;;;;;;;;;;;;;;;;;;;;;;;;;;;;;;;;;;;;;;;;;;;;;;;;;;;;;;;;;;;;;;;;;;;;;;;;;;;;;;;;;;;;;;;;;;;;;;;;;;;;
';';S55;;;;;;;;;;;;;;;;;;;;;;;;;;;;;;;;;;;;;;;;;;;;;;;;;;;;;;;;;;;;;;;;;;;;;;;;;;;;;;;;;;;;;;;;;;;;;;;;;;;;;;;;;;;;;;;;;;;;;;;;;;;;;;;;;;;;;;;;;;;;;;;;;;;;;;;;;;;;
<;S63,S64,S68;;;;;;;;;;;;;;;;;;;;;;;;;;;;;;;;;;;;;;;;;;;;;;;;;;;;;;;;;;;;;;;;;;;;;;;;;;;;;;;;;;;;;;;;;;;;;;;;;;;;;;;;;;;;;;;;;;;;;;;;;;;;;;;;;;;;;;;;;;;;;;;;;;;;;;;;;;;;
=;S61;;;;;;;;;;;;;;;;;;;;;;;;;;;;;;;;;;;;;;;;;;;;;;;;;;;;;;;;;;;;;;;;S65;;S67;;;;;S72;;;;;;;;;;;;;;;;;;;;;;;;;;;;;;;;;;;;;;;;;;;;;;;;;;;;;;;;;;;;;;;;;;;;;;;;;;;;;;;;;;;;;
>;S62,S66;;;;;;;;;;;;;;;;;;;;;;;;;;;;;;;;;;;;;;;;;;;;;;;;;;;;;;;;;;;;;;;;;;;;S69;;;;;;;;;;;;;;;;;;;;;;;;;;;;;;;;;;;;;;;;;;;;;;;;;;;;;;;;;;;;;;;;;;;;;;;;;;;;;;;;;;;;;;;;
A;S1;;;S4;;;;;;;;;;;;;;;;;;;;;;;;;S29;;;;;;;;;;;;;;;;;;;;S49;;;;;;;;;;;;;;;;;;;;;;;;;;;;;;;;;;;;;;;;;;;;;;;;;;;;;;;;;;;;;;;;;;;;;;;;;;;;;;;;;;;;;;;;;;;;;;;;;;;;;;;;;;;;
B;S6;;;;;;;;;;;;;;;;;;;;;;;;;;;;;;;;;;;;;;;;;;;;;;;;;;;;;;;;;;;;;;;;;;;;;;;;;;;;;;;;;;;;;;;;;;;;;;;;;;;;;;;;;;;;;;;;;;;;;;;;;;;;;;;;;;;;;;;;;;;;;;;;;;;;;;;;;;;;
C;;;;;;;;;;;;;;;;;;;;;;;;;;;;;;;;;;S34;;;;;;;;;;;;;;;;;;;;;;;;;;;;;;;;;;;;;;;;;;;;;;;;;;;;;;;;;;;;;;;;;;;;;;;;;;;;;;;;;;;;;;;;;;;;;;;;;;;;;;;;;;;;;;;;;;;;;;;;;;;
D;;;;;;;;;;;;;;;;;S17;;;;;;;;;;;;;;;;;;;S36;;;;;;;;;;;;;;;;;;;;;;;;;;;;;;;;;;;;;;;;;;;;;;;;;;;;;;;;;;;;;;;;;;;;;;;;;;;;;;;;;;;;;;;;;;;;;;;;;;;;;;;;;;;;;;;;;;;;;;;;;
E;S11,S15;;;;;;S7;;;;;;;S14;;;;;;;;;;;;;;;;;;;;;S35;;;;S39;;;S42;;;;;S47;;;;;;;;;;;;;;;;;;;;;;;;;;;;;;;;;;;;;;;;;;;;;;;;;;;;;;;;;;;;;;;;;;;;;;;;;;;;;;;;;;;;;;;;;;;;;;;;;;;;;;;;;;;;;;
F;;;;;;;;;;;;;;;;;;;S19;;S21;;;;;;;;;;;;;;;;;;;;;;;;;;;;;;;;;;;;;;;;;;;;;;;;;;;;;;;;;;;;;;;;;;;;;;;;;;;;;;;;;;;;;;;;;;;;;;;;;;;;;;;;;;;;;;;;;;;;;;;;;;;;;;;;;;;;;;;;
G;;;;;;;;S8;;;;;;;;;;;;;;;;;;;S27;;;;;;;;;;;;;;;;;;;;;;;;;;;;;;;;;;;;;;;;;;;;;;;;;;;;;;;;;;;;;;;;;;;;;;;;;;;;;;;;;;;;;;;;;;;;;;;;;;;;;;;;;;;;;;;;;;;;;;;;;;;;;;;;;;
H;;;;;;;;;;;;;;;;;;;;;;;;;;;;;;;;;;;;;;;;;S41;;;;;;;;;;;;;;;;;;;;;;;;;;;;;;;;;;;;;;;;;;;;;;;;;;;;;;;;;;;;;;;;;;;;;;;;;;;;;;;;;;;;;;;;;;;;;;;;;;;;;;;;;;;;;;;;;;;;
I;S18;;;;;;;;S9;;;;;;;;;;;;;;;;;;;;;;;;;;;;;;;;;;;;;;;;;;;;;;;;;;;;;;;;;;;;;;;;;;;;;;;;;;;;;;;;;;;;;;;;;;;;;;;;;;;;;;;;;;;;;;;;;;;;;;;;;;;;;;;;;;;;;;;;;;;;;;;;;;;;
L;;;;;;;;;;;;S12;;;;;;;;;;;;;;;;;;;;;;;;;;;;;;;;;;;;;;;;;;;;;;;;;;;;;;;;;;;;;;;;;;;;;;;;;;;;;;;;;;;;;;;;;;;;;;;;;;;;;;;;;;;;;;;;;;;;;;;;;;;;;;;;;;;;;;;;;;;;;;;;;
M;;;;;;;;;;;;;;;;;;;;;;;;;;;;;;S30;;;;;;;;;;;;;;;;;;;;;;;;;;;;;;;;;;;;;;;;;;;;;;;;;;;;;;;;;;;;;;;;;;;;;;;;;;;;;;;;;;;;;;;;;;;;;;;;;;;;;;;;;;;;;;;;;;;;;;;;;;;;;;;
N;;;;;;;;;;S10;;;;;;S16;;;;;;;;;;;;;;;;;;;;;;;;;;;S43;;;;;;;;;;;;;;;;;;;;;;;;;;;;;;;;;;;;;;;;;;;;;;;;;;;;;;;;;;;;;;;;;;;;;;;;;;;;;;;;;;;;;;;;;;;;;;;;;;;;;;;;;;;;;;;;;;
O;S20,S22;;;;;;;;;;;;;;;;;;;;;;;;;S26;;;;;;;S33;;;;;;;;;;;;;;;;;;;;;;;;;;;;;;;;;;;;;;;;;;;;;;;;;;;;;;;;;;;;;;;;;;;;;;;;;;;;;;;;;;;;;;;;;;;;;;;;;;;;;;;;;;;;;;;;;;;;;;;;;;;;
P;S24,S31;;;;;;;;;;;;;;;;;;;;;;;;;;;;;;;;;;;;;;;;;;;;;S46;;;;;;;;;;;;;;;;;;;;;;;;;;;;;;;;;;;;;;;;;;;;;;;;;;;;;;;;;;;;;;;;;;;;;;;;;;;;;;;;;;;;;;;;;;;;;;;;;;;;;;;;;;;;;;;
R;;S2;S3;;;;;;;;;;;;;;;;;;;;S23;;S25;;;S28;;;;S32;;;;;;S38;;;;;;;;;;;;S50;;;;;;;;;;;;;;;;;;;;;;;;;;;;;;;;;;;;;;;;;;;;;;;;;;;;;;;;;;;;;;;;;;;;;;;;;;;;;;;;;;;;;;;;;;;;;;;;;;;;;;;;;;;
S;;;;;;;;;;;;;S13;;;;;;;;;;;;;;;;;;;;;;;;;;;;;;;;;;;;;;;;;;;;;;;;;;;;;;;;;;;;;;;;;;;;;;;;;;;;;;;;;;;;;;;;;;;;;;;;;;;;;;;;;;;;;;;;;;;;;;;;;;;;;;;;;;;;;;;;;;;;;;;;
T;S40,S44;;;;;;;;;;;;;;;;;;;;;;;;;;;;;;;;;;;;;;;;;;;;;;;;;;;;;;;;;;;;;;;;;;;;;;;;;;;;;;;;;;;;;;;;;;;;;;;;;;;;;;;;;;;;;;;;;;;;;;;;;;;;;;;;;;;;;;;;;;;;;;;;;;;;;;;;;;;;
U;;;;;;;;;;;;;;;;;;;;;;;;;;;;;;;;;;;;;S37;;;;;;;;;;;;;;;;;;;;;;;;;;;;;;;;;;;;;;;;;;;;;;;;;;;;;;;;;;;;;;;;;;;;;;;;;;;;;;;;;;;;;;;;;;;;;;;;;;;;;;;;;;;;;;;;;;;;;;;;
V;S48;;;;;;;;;;;;;;;;;;;;;;;;;;;;;;;;;;;;;;;;;;;;;;;;;;;;;;;;;;;;;;;;;;;;;;;;;;;;;;;;;;;;;;;;;;;;;;;;;;;;;;;;;;;;;;;;;;;;;;;;;;;;;;;;;;;;;;;;;;;;;;;;;;;;;;;;;;;;
Y;;;;;S5;;;;;;;;;;;;;;;;;;;;;;;;;;;;;;;;;;;;;;;;S45;;;;;;;;;;;;;;;;;;;;;;;;;;;;;;;;;;;;;;;;;;;;;;;;;;;;;;;;;;;;;;;;;;;;;;;;;;;;;;;;;;;;;;;;;;;;;;;;;;;;;;;;;;;;;;;;
[;S59;;;;;;;;;;;;;;;;;;;;;;;;;;;;;;;;;;;;;;;;;;;;;;;;;;;;;;;;;;;;;;;;;;;;;;;;;;;;;;;;;;;;;;;;;;;;;;;;;;;;;;;;;;;;;;;;;;;;;;;;;;;;;;;;;;;;;;;;;;;;;;;;;;;;;;;;;;;;
];S60;;;;;;;;;;;;;;;;;;;;;;;;;;;;;;;;;;;;;;;;;;;;;;;;;;;;;;;;;;;;;;;;;;;;;;;;;;;;;;;;;;;;;;;;;;;;;;;;;;;;;;;;;;;;;;;;;;;;;;;;;;;;;;;;;;;;;;;;;;;;;;;;;;;;;;;;;;;;
Оµ;S101,S57,S74;;;;;S156;;;;;S156;;;;S156;;;S156;;S156;;S156;;S156;;;;;;;S156;;;;;;;;;S156;;;;S156;;;;S156;;;S156;S156;S156;S156;S156;S156;S156;S58;S156;S156;S156;S156;S156;S156;;S156;;S156;;S156;S156;;S156;S156;;S85;S85;S85;S85;S85;S85;S85;S85;S85;S85;S86;S74;S88;;S99;S99;S99;S99;S99;S99;S99;S99;S99;S99;S100;S156,S88;;S112;S112;S112;S112;S112;S112;S112;S112;S112;S112;S113;S101,S156;S115;;S126;S126;S126;S126;S126;S126;S126;S126;S126;S126;S127;S115;S129;;S140;S140;S140;S140;S140;S140;S140;S140;S140;S140;S141;S129,S156;S143;;S154;S154;S154;S154;S154;S154;S154;S154;S154;S154;S155;S143,S156;
